Datetime,Close,High,Low,Open,Volume
,AMD,AMD,AMD,AMD,AMD
2025-06-04 13:30:00+00:00,117.60649871826172,117.9000015258789,117.06999969482422,117.68710327148438,1880401
2025-06-04 13:35:00+00:00,117.53340148925781,117.7300033569336,117.13999938964844,117.61000061035156,734984
2025-06-04 13:40:00+00:00,116.82749938964844,117.75599670410156,116.80000305175781,117.5199966430664,729248
2025-06-04 13:45:00+00:00,117.04000091552734,117.27999877929688,116.80999755859375,116.83999633789062,526163
2025-06-04 13:50:00+00:00,116.82420349121094,117.0999984741211,116.70030212402344,117.04989624023438,560873
2025-06-04 13:55:00+00:00,116.70999908447266,116.93499755859375,116.58699798583984,116.80999755859375,480029
2025-06-04 14:00:00+00:00,115.91999816894531,116.68000030517578,115.90010070800781,116.68000030517578,633198
2025-06-04 14:05:00+00:00,116.23999786376953,116.29989624023438,115.7300033569336,115.92729949951172,570753
2025-06-04 14:10:00+00:00,116.4800033569336,116.61000061035156,116.23999786376953,116.23999786376953,347233
2025-06-04 14:15:00+00:00,116.7699966430664,116.79000091552734,116.41000366210938,116.47000122070312,340259
2025-06-04 14:20:00+00:00,116.6500015258789,116.88999938964844,116.51499938964844,116.76499938964844,328561
2025-06-04 14:25:00+00:00,116.91500091552734,116.97000122070312,116.62999725341797,116.65750122070312,287939
2025-06-04 14:30:00+00:00,116.93499755859375,117.05000305175781,116.85009765625,116.9000015258789,294996
2025-06-04 14:35:00+00:00,116.82420349121094,117.16999816894531,116.7699966430664,116.97000122070312,327259
2025-06-04 14:40:00+00:00,116.77999877929688,116.94999694824219,116.69999694824219,116.83999633789062,219661
2025-06-04 14:45:00+00:00,116.88999938964844,117.01499938964844,116.6332015991211,116.79000091552734,168937
2025-06-04 14:50:00+00:00,117.12000274658203,117.125,116.7300033569336,116.87000274658203,205960
2025-06-04 14:55:00+00:00,117.30999755859375,117.3499984741211,117.07499694824219,117.11000061035156,226028
2025-06-04 15:00:00+00:00,117.63999938964844,117.66000366210938,117.22000122070312,117.30999755859375,367740
2025-06-04 15:05:00+00:00,117.79000091552734,117.86990356445312,117.58000183105469,117.63719940185547,582251
2025-06-04 15:10:00+00:00,117.63999938964844,117.79000091552734,117.61000061035156,117.7885971069336,341817
2025-06-04 15:15:00+00:00,117.83499908447266,117.875,117.56999969482422,117.64109802246094,398183
2025-06-04 15:20:00+00:00,117.7699966430664,117.88999938964844,117.68000030517578,117.81999969482422,254901
2025-06-04 15:25:00+00:00,117.59500122070312,117.80000305175781,117.52999877929688,117.77999877929688,216423
2025-06-04 15:30:00+00:00,117.54000091552734,117.61000061035156,117.43000030517578,117.58999633789062,445490
2025-06-04 15:35:00+00:00,117.64299774169922,117.72869873046875,117.45999908447266,117.54499816894531,206698
2025-06-04 15:40:00+00:00,117.58989715576172,117.77989959716797,117.55500030517578,117.62000274658203,304245
2025-06-04 15:45:00+00:00,117.63999938964844,117.75,117.56999969482422,117.58000183105469,239676
2025-06-04 15:50:00+00:00,117.76000213623047,117.80999755859375,117.63999938964844,117.63999938964844,189248
2025-06-04 15:55:00+00:00,117.77999877929688,117.83000183105469,117.68499755859375,117.75499725341797,203481
2025-06-04 16:00:00+00:00,118.02999877929688,118.0780029296875,117.70999908447266,117.7699966430664,528910
2025-06-04 16:05:00+00:00,118.01000213623047,118.0999984741211,117.92009735107422,118.0199966430664,345779
2025-06-04 16:10:00+00:00,117.7699966430664,118.06500244140625,117.74500274658203,118.00499725341797,372331
2025-06-04 16:15:00+00:00,118.12999725341797,118.15499877929688,117.75,117.77999877929688,376139
2025-06-04 16:20:00+00:00,118.0250015258789,118.1449966430664,117.8949966430664,118.13500213623047,229859
2025-06-04 16:25:00+00:00,118.11499786376953,118.19999694824219,118.0,118.02999877929688,310454
2025-06-04 16:30:00+00:00,118.19010162353516,118.29000091552734,118.05500030517578,118.11000061035156,272765
2025-06-04 16:35:00+00:00,118.30000305175781,118.41999816894531,118.18499755859375,118.20500183105469,438685
2025-06-04 16:40:00+00:00,118.53500366210938,118.54499816894531,118.28500366210938,118.30999755859375,388255
2025-06-04 16:45:00+00:00,118.58000183105469,118.66000366210938,118.51000213623047,118.52999877929688,374702
2025-06-04 16:50:00+00:00,118.91500091552734,118.97000122070312,118.56999969482422,118.58000183105469,624869
2025-06-04 16:55:00+00:00,118.87010192871094,119.0,118.78500366210938,118.9280014038086,634790
2025-06-04 17:00:00+00:00,119.12999725341797,119.16000366210938,118.86000061035156,118.87999725341797,497995
2025-06-04 17:05:00+00:00,118.94999694824219,119.18810272216797,118.93009948730469,119.12000274658203,367050
2025-06-04 17:10:00+00:00,119.25350189208984,119.2699966430664,118.94499969482422,118.94999694824219,508696
2025-06-04 17:15:00+00:00,119.07830047607422,119.2885971069336,119.01000213623047,119.2750015258789,353976
2025-06-04 17:20:00+00:00,119.07499694824219,119.22000122070312,119.04000091552734,119.07499694824219,277696
2025-06-04 17:25:00+00:00,119.03500366210938,119.13999938964844,119.01010131835938,119.06009674072266,241159
2025-06-04 17:30:00+00:00,119.02999877929688,119.09010314941406,118.87999725341797,119.02999877929688,309237
2025-06-04 17:35:00+00:00,118.86000061035156,119.08110046386719,118.86000061035156,119.03500366210938,301844
2025-06-04 17:40:00+00:00,118.91500091552734,118.9397964477539,118.76499938964844,118.87000274658203,252021
2025-06-04 17:45:00+00:00,118.80000305175781,118.97000122070312,118.73999786376953,118.91500091552734,205100
2025-06-04 17:50:00+00:00,118.86990356445312,118.9000015258789,118.69000244140625,118.80000305175781,273463
2025-06-04 17:55:00+00:00,118.86000061035156,118.9800033569336,118.84010314941406,118.868896484375,202111
2025-06-04 18:00:00+00:00,118.80180358886719,118.97000122070312,118.76000213623047,118.86000061035156,199989
2025-06-04 18:05:00+00:00,118.74500274658203,118.86000061035156,118.66100311279297,118.79000091552734,300259
2025-06-04 18:10:00+00:00,118.98999786376953,119.03500366210938,118.7300033569336,118.74019622802734,235204
2025-06-04 18:15:00+00:00,119.11000061035156,119.12000274658203,118.9800033569336,119.0,220881
2025-06-04 18:20:00+00:00,119.0,119.23999786376953,118.96029663085938,119.11000061035156,237258
2025-06-04 18:25:00+00:00,119.06729888916016,119.06999969482422,118.9000015258789,119.01000213623047,168336
2025-06-04 18:30:00+00:00,119.125,119.15979766845703,118.99369812011719,119.05999755859375,206108
2025-06-04 18:35:00+00:00,119.01709747314453,119.13999938964844,118.9800033569336,119.11000061035156,164406
2025-06-04 18:40:00+00:00,118.97989654541016,119.02999877929688,118.8499984741211,119.01000213623047,242967
2025-06-04 18:45:00+00:00,118.75,119.01000213623047,118.7300033569336,118.97000122070312,222707
2025-06-04 18:50:00+00:00,118.7699966430664,118.80999755859375,118.59089660644531,118.75,295917
2025-06-04 18:55:00+00:00,118.69000244140625,118.80999755859375,118.58999633789062,118.77999877929688,186292
2025-06-04 19:00:00+00:00,118.77629852294922,118.8499984741211,118.6449966430664,118.69000244140625,170333
2025-06-04 19:05:00+00:00,118.6500015258789,118.83000183105469,118.6500015258789,118.76000213623047,160604
2025-06-04 19:10:00+00:00,118.79000091552734,118.83999633789062,118.62999725341797,118.6449966430664,164187
2025-06-04 19:15:00+00:00,118.69000244140625,118.79000091552734,118.62000274658203,118.77999877929688,175264
2025-06-04 19:20:00+00:00,118.7699966430664,118.86990356445312,118.66999816894531,118.68499755859375,210659
2025-06-04 19:25:00+00:00,118.71009826660156,118.80000305175781,118.68000030517578,118.77130126953125,201010
2025-06-04 19:30:00+00:00,118.63500213623047,118.7750015258789,118.61019897460938,118.70999908447266,288285
2025-06-04 19:35:00+00:00,118.88999938964844,119.12999725341797,118.56999969482422,118.63999938964844,553876
2025-06-04 19:40:00+00:00,118.81999969482422,119.06999969482422,118.76000213623047,118.87999725341797,492654
2025-06-04 19:45:00+00:00,118.62000274658203,118.89830017089844,118.58000183105469,118.80999755859375,422645
2025-06-04 19:50:00+00:00,118.57499694824219,118.73999786376953,118.4000015258789,118.61000061035156,655481
2025-06-04 19:55:00+00:00,118.54000091552734,118.70999908447266,118.3949966430664,118.58000183105469,1177165
2025-06-05 13:30:00+00:00,118.69999694824219,119.24479675292969,118.2490005493164,118.94999694824219,1830948
2025-06-05 13:35:00+00:00,117.73999786376953,118.84619903564453,117.69000244140625,118.71920013427734,796243
2025-06-05 13:40:00+00:00,117.78500366210938,118.08000183105469,117.51499938964844,117.72000122070312,749239
2025-06-05 13:45:00+00:00,117.05329895019531,117.81990051269531,116.63999938964844,117.77999877929688,1115967
2025-06-05 13:50:00+00:00,116.94499969482422,117.22000122070312,116.83999633789062,117.05000305175781,678223
2025-06-05 13:55:00+00:00,116.6498031616211,117.01000213623047,116.43499755859375,116.94000244140625,691233
2025-06-05 14:00:00+00:00,116.97000122070312,117.0,116.61370086669922,116.62999725341797,553682
2025-06-05 14:05:00+00:00,116.70999908447266,117.19999694824219,116.69999694824219,116.98999786376953,634943
2025-06-05 14:10:00+00:00,116.75990295410156,116.9749984741211,116.69000244140625,116.69999694824219,323653
2025-06-05 14:15:00+00:00,116.70999908447266,116.88890075683594,116.56999969482422,116.7699966430664,341824
2025-06-05 14:20:00+00:00,117.30999755859375,117.32499694824219,116.73999786376953,116.80000305175781,488469
2025-06-05 14:25:00+00:00,117.38739776611328,117.45999908447266,117.20500183105469,117.30999755859375,480080
2025-06-05 14:30:00+00:00,116.77999877929688,117.41999816894531,116.75,117.37000274658203,423193
2025-06-05 14:35:00+00:00,117.25,117.43000030517578,116.51000213623047,116.777099609375,542927
2025-06-05 14:40:00+00:00,117.58999633789062,117.81999969482422,117.02999877929688,117.2750015258789,525387
2025-06-05 14:45:00+00:00,117.30000305175781,118.05000305175781,117.2300033569336,117.5999984741211,632657
2025-06-05 14:50:00+00:00,117.30999755859375,117.3499984741211,117.13999938964844,117.29499816894531,347827
2025-06-05 14:55:00+00:00,117.51499938964844,117.56999969482422,117.25,117.31999969482422,267686
2025-06-05 15:00:00+00:00,117.56999969482422,117.73999786376953,117.51000213623047,117.51000213623047,230488
2025-06-05 15:05:00+00:00,117.55999755859375,117.62999725341797,117.41999816894531,117.56999969482422,179743
2025-06-05 15:10:00+00:00,117.66709899902344,117.72000122070312,117.5199966430664,117.58499908447266,170743
2025-06-05 15:15:00+00:00,118.02690124511719,118.05819702148438,117.66999816894531,117.66999816894531,367273
2025-06-05 15:20:00+00:00,118.0,118.0999984741211,117.96499633789062,118.02999877929688,317450
2025-06-05 15:25:00+00:00,118.13999938964844,118.16000366210938,117.87000274658203,118.0,260737
2025-06-05 15:30:00+00:00,118.15499877929688,118.19999694824219,118.125,118.13999938964844,193228
2025-06-05 15:35:00+00:00,118.26000213623047,118.27999877929688,118.0197982788086,118.08000183105469,395711
2025-06-05 15:40:00+00:00,118.41000366210938,118.5,118.18990325927734,118.26000213623047,249204
2025-06-05 15:45:00+00:00,118.4094009399414,118.44000244140625,118.20999908447266,118.43000030517578,225544
2025-06-05 15:50:00+00:00,118.43499755859375,118.44999694824219,118.30000305175781,118.41999816894531,201793
2025-06-05 15:55:00+00:00,118.37000274658203,118.5999984741211,118.36920166015625,118.43000030517578,236371
2025-06-05 16:00:00+00:00,118.2699966430664,118.44999694824219,118.19000244140625,118.37999725341797,215741
2025-06-05 16:05:00+00:00,117.83940124511719,118.30999755859375,117.76000213623047,118.30999755859375,309827
2025-06-05 16:10:00+00:00,117.76000213623047,117.87999725341797,117.70999908447266,117.83000183105469,160999
2025-06-05 16:15:00+00:00,117.55999755859375,117.7300033569336,117.25,117.6500015258789,417482
2025-06-05 16:20:00+00:00,117.67500305175781,117.79000091552734,117.51000213623047,117.54000091552734,197128
2025-06-05 16:25:00+00:00,117.9000015258789,118.0,117.625,117.67009735107422,217041
2025-06-05 16:30:00+00:00,117.69300079345703,117.94999694824219,117.69000244140625,117.87000274658203,235674
2025-06-05 16:35:00+00:00,117.55719757080078,117.73999786376953,117.5,117.69999694824219,191014
2025-06-05 16:40:00+00:00,117.38020324707031,117.63999938964844,117.38020324707031,117.55000305175781,175209
2025-06-05 16:45:00+00:00,116.93000030517578,117.39769744873047,116.80000305175781,117.39769744873047,459566
2025-06-05 16:50:00+00:00,116.73999786376953,117.09500122070312,116.41999816894531,116.93000030517578,433482
2025-06-05 16:55:00+00:00,116.55000305175781,116.87999725341797,116.5199966430664,116.7396011352539,212595
2025-06-05 17:00:00+00:00,116.48999786376953,116.55999755859375,116.24019622802734,116.5199966430664,366818
2025-06-05 17:05:00+00:00,116.91999816894531,116.9301986694336,116.44999694824219,116.50990295410156,280259
2025-06-05 17:10:00+00:00,117.06999969482422,117.08999633789062,116.87000274658203,116.91999816894531,265215
2025-06-05 17:15:00+00:00,117.15499877929688,117.25,117.06500244140625,117.06999969482422,194967
2025-06-05 17:20:00+00:00,117.25,117.33999633789062,117.13999938964844,117.1500015258789,140299
2025-06-05 17:25:00+00:00,117.16000366210938,117.26000213623047,117.06999969482422,117.21499633789062,145176
2025-06-05 17:30:00+00:00,117.0999984741211,117.2699966430664,117.09500122070312,117.1500015258789,116828
2025-06-05 17:35:00+00:00,117.07820129394531,117.16999816894531,117.05000305175781,117.11000061035156,138013
2025-06-05 17:40:00+00:00,117.05500030517578,117.13780212402344,116.97000122070312,117.05999755859375,164903
2025-06-05 17:45:00+00:00,116.98999786376953,117.08000183105469,116.88999938964844,117.04000091552734,189734
2025-06-05 17:50:00+00:00,116.94000244140625,117.0645980834961,116.94000244140625,116.9749984741211,145578
2025-06-05 17:55:00+00:00,116.66999816894531,116.94499969482422,116.55000305175781,116.94499969482422,212010
2025-06-05 18:00:00+00:00,116.55999755859375,116.83699798583984,116.50499725341797,116.66999816894531,233729
2025-06-05 18:05:00+00:00,116.5697021484375,116.58000183105469,116.45010375976562,116.55999755859375,192428
2025-06-05 18:10:00+00:00,116.54000091552734,116.69000244140625,116.38159942626953,116.55000305175781,204625
2025-06-05 18:15:00+00:00,116.29299926757812,116.5199966430664,115.91999816894531,116.5199966430664,464688
2025-06-05 18:20:00+00:00,116.64990234375,116.66000366210938,116.30760192871094,116.30760192871094,219659
2025-06-05 18:25:00+00:00,116.69999694824219,116.74500274658203,116.58999633789062,116.66000366210938,188377
2025-06-05 18:30:00+00:00,116.66999816894531,116.73999786376953,116.52999877929688,116.69999694824219,250040
2025-06-05 18:35:00+00:00,116.5999984741211,116.81999969482422,116.44000244140625,116.6500015258789,266809
2025-06-05 18:40:00+00:00,116.5,116.61000061035156,116.44000244140625,116.60009765625,108615
2025-06-05 18:45:00+00:00,116.44860076904297,116.58879852294922,116.41500091552734,116.45999908447266,231601
2025-06-05 18:50:00+00:00,116.44000244140625,116.52989959716797,116.37010192871094,116.44000244140625,212361
2025-06-05 18:55:00+00:00,116.38880157470703,116.66300201416016,116.30999755859375,116.44999694824219,198106
2025-06-05 19:00:00+00:00,116.30000305175781,116.41000366210938,116.19010162353516,116.37999725341797,252889
2025-06-05 19:05:00+00:00,116.13999938964844,116.3853988647461,116.13999938964844,116.29010009765625,228793
2025-06-05 19:10:00+00:00,115.86000061035156,116.29000091552734,115.79000091552734,116.13999938964844,383316
2025-06-05 19:15:00+00:00,115.08000183105469,115.95999908447266,114.7677993774414,115.8468017578125,922938
2025-06-05 19:20:00+00:00,114.88739776611328,115.20999908447266,114.70999908447266,115.05999755859375,606756
2025-06-05 19:25:00+00:00,115.37999725341797,115.4000015258789,114.7699966430664,114.87960052490234,541011
2025-06-05 19:30:00+00:00,115.75,115.7699966430664,115.34919738769531,115.38999938964844,467890
2025-06-05 19:35:00+00:00,116.12139892578125,116.19760131835938,115.80000305175781,115.80500030517578,508181
2025-06-05 19:40:00+00:00,115.94999694824219,116.18990325927734,115.8499984741211,116.127197265625,525343
2025-06-05 19:45:00+00:00,116.1449966430664,116.16999816894531,115.86000061035156,115.95999908447266,403342
2025-06-05 19:50:00+00:00,115.8499984741211,116.33999633789062,115.79000091552734,116.13999938964844,1669758
2025-06-05 19:55:00+00:00,115.66999816894531,116.08999633789062,115.49500274658203,115.86000061035156,1475980
2025-06-06 13:30:00+00:00,117.87629699707031,118.37999725341797,117.47000122070312,117.68499755859375,2104964
2025-06-06 13:35:00+00:00,117.78500366210938,118.22000122070312,117.7300033569336,117.87999725341797,776298
2025-06-06 13:40:00+00:00,117.44000244140625,117.91999816894531,117.30000305175781,117.81999969482422,651167
2025-06-06 13:45:00+00:00,117.83000183105469,117.83999633789062,117.45999908447266,117.55719757080078,507281
2025-06-06 13:50:00+00:00,117.52999877929688,117.98999786376953,117.51000213623047,117.83999633789062,581891
2025-06-06 13:55:00+00:00,117.31710052490234,117.5250015258789,116.98999786376953,117.51499938964844,522352
2025-06-06 14:00:00+00:00,117.44999694824219,117.62999725341797,117.30999755859375,117.30999755859375,350731
2025-06-06 14:05:00+00:00,117.73619842529297,117.80000305175781,117.43000030517578,117.47000122070312,349678
2025-06-06 14:10:00+00:00,117.62989807128906,117.75,117.31999969482422,117.75,401634
2025-06-06 14:15:00+00:00,117.57499694824219,117.7073974609375,117.44000244140625,117.61000061035156,320455
2025-06-06 14:20:00+00:00,117.73999786376953,117.93000030517578,117.52999877929688,117.56999969482422,376403
2025-06-06 14:25:00+00:00,117.20999908447266,117.77999877929688,117.08000183105469,117.73259735107422,380393
2025-06-06 14:30:00+00:00,117.30000305175781,117.38999938964844,117.12000274658203,117.26499938964844,294839
2025-06-06 14:35:00+00:00,117.36000061035156,117.41999816894531,117.21520233154297,117.29000091552734,232138
2025-06-06 14:40:00+00:00,117.36000061035156,117.5199966430664,117.29000091552734,117.33999633789062,263939
2025-06-06 14:45:00+00:00,117.45600128173828,117.51000213623047,117.23410034179688,117.3499984741211,166568
2025-06-06 14:50:00+00:00,117.19499969482422,117.4800033569336,117.13999938964844,117.44999694824219,223490
2025-06-06 14:55:00+00:00,117.05989837646484,117.23999786376953,117.0199966430664,117.19499969482422,252824
2025-06-06 15:00:00+00:00,117.0199966430664,117.12999725341797,116.87000274658203,117.05000305175781,300140
2025-06-06 15:05:00+00:00,116.91999816894531,117.16999816894531,116.87999725341797,117.08999633789062,350891
2025-06-06 15:10:00+00:00,116.81999969482422,116.93000030517578,116.68000030517578,116.9000015258789,252687
2025-06-06 15:15:00+00:00,116.19999694824219,116.87000274658203,116.04029846191406,116.83000183105469,439576
2025-06-06 15:20:00+00:00,116.1449966430664,116.30000305175781,115.97000122070312,116.19000244140625,520497
2025-06-06 15:25:00+00:00,116.0999984741211,116.20980072021484,115.87999725341797,116.1500015258789,378907
2025-06-06 15:30:00+00:00,116.16999816894531,116.33000183105469,116.06999969482422,116.08999633789062,317573
2025-06-06 15:35:00+00:00,116.1500015258789,116.18499755859375,115.9800033569336,116.16999816894531,255025
2025-06-06 15:40:00+00:00,116.12000274658203,116.23999786376953,116.02999877929688,116.1500015258789,234613
2025-06-06 15:45:00+00:00,116.19999694824219,116.23999786376953,116.08999633789062,116.12999725341797,148018
2025-06-06 15:50:00+00:00,116.26499938964844,116.33999633789062,116.18000030517578,116.19499969482422,226507
2025-06-06 15:55:00+00:00,116.18499755859375,116.29000091552734,116.05500030517578,116.26000213623047,221967
2025-06-06 16:00:00+00:00,116.31999969482422,116.34500122070312,116.15499877929688,116.19000244140625,150479
2025-06-06 16:05:00+00:00,116.53009796142578,116.55000305175781,116.27999877929688,116.31999969482422,256711
2025-06-06 16:10:00+00:00,116.60009765625,116.70500183105469,116.44000244140625,116.53500366210938,270782
2025-06-06 16:15:00+00:00,116.47000122070312,116.58999633789062,116.4000015258789,116.58999633789062,165140
2025-06-06 16:20:00+00:00,116.4000015258789,116.5199966430664,116.36000061035156,116.45500183105469,182868
2025-06-06 16:25:00+00:00,116.53379821777344,116.5999984741211,116.29000091552734,116.4000015258789,236630
2025-06-06 16:30:00+00:00,116.61669921875,116.66000366210938,116.55000305175781,116.58999633789062,151382
2025-06-06 16:35:00+00:00,116.48819732666016,116.63999938964844,116.47000122070312,116.59010314941406,137878
2025-06-06 16:40:00+00:00,116.43910217285156,116.66999816894531,116.33999633789062,116.48999786376953,170459
2025-06-06 16:45:00+00:00,116.45999908447266,116.4896011352539,116.3499984741211,116.43000030517578,147351
2025-06-06 16:50:00+00:00,116.125,116.51000213623047,116.08110046386719,116.45240020751953,250355
2025-06-06 16:55:00+00:00,116.23500061035156,116.24500274658203,115.94000244140625,116.04000091552734,243784
2025-06-06 17:00:00+00:00,116.20999908447266,116.39099884033203,116.19000244140625,116.23500061035156,198802
2025-06-06 17:05:00+00:00,116.06999969482422,116.21499633789062,115.97019958496094,116.20999908447266,155893
2025-06-06 17:10:00+00:00,116.13999938964844,116.18000030517578,115.98999786376953,116.08000183105469,158645
2025-06-06 17:15:00+00:00,116.36000061035156,116.37000274658203,116.10079956054688,116.12999725341797,158437
2025-06-06 17:20:00+00:00,116.29499816894531,116.43000030517578,116.27999877929688,116.3550033569336,167887
2025-06-06 17:25:00+00:00,116.20500183105469,116.30999755859375,116.11920166015625,116.29000091552734,161297
2025-06-06 17:30:00+00:00,116.33999633789062,116.38619995117188,116.19999694824219,116.21499633789062,139910
2025-06-06 17:35:00+00:00,116.36000061035156,116.37000274658203,116.2699966430664,116.33999633789062,131965
2025-06-06 17:40:00+00:00,116.38999938964844,116.5,116.33000183105469,116.37000274658203,172912
2025-06-06 17:45:00+00:00,116.52140045166016,116.5250015258789,116.3949966430664,116.4000015258789,149082
2025-06-06 17:50:00+00:00,116.66000366210938,116.73539733886719,116.5250015258789,116.5250015258789,216826
2025-06-06 17:55:00+00:00,116.74130249023438,116.81500244140625,116.63999938964844,116.66000366210938,176684
2025-06-06 18:00:00+00:00,116.98079681396484,117.08000183105469,116.73999786376953,116.75,284939
2025-06-06 18:05:00+00:00,117.19000244140625,117.24500274658203,116.97650146484375,116.98999786376953,387340
2025-06-06 18:10:00+00:00,117.27420043945312,117.27999877929688,117.13999938964844,117.18499755859375,236227
2025-06-06 18:15:00+00:00,117.2300033569336,117.33000183105469,117.13999938964844,117.27999877929688,270074
2025-06-06 18:20:00+00:00,116.97000122070312,117.23999786376953,116.96499633789062,117.2249984741211,340492
2025-06-06 18:25:00+00:00,116.8499984741211,116.9800033569336,116.82009887695312,116.97000122070312,379924
2025-06-06 18:30:00+00:00,116.87000274658203,117.08000183105469,116.8499984741211,116.86160278320312,281188
2025-06-06 18:35:00+00:00,116.75499725341797,117.05999755859375,116.74030303955078,116.87999725341797,372095
2025-06-06 18:40:00+00:00,116.69499969482422,116.83999633789062,116.69499969482422,116.76000213623047,230924
2025-06-06 18:45:00+00:00,116.59980010986328,116.72540283203125,116.52999877929688,116.69499969482422,184181
2025-06-06 18:50:00+00:00,116.70500183105469,116.71499633789062,116.48999786376953,116.58999633789062,195171
2025-06-06 18:55:00+00:00,116.66999816894531,116.79000091552734,116.62999725341797,116.69999694824219,196615
2025-06-06 19:00:00+00:00,116.62989807128906,116.7300033569336,116.55000305175781,116.66059875488281,185005
2025-06-06 19:05:00+00:00,116.5999984741211,116.7249984741211,116.54000091552734,116.63999938964844,211947
2025-06-06 19:10:00+00:00,116.59020233154297,116.68000030517578,116.5199966430664,116.59500122070312,174695
2025-06-06 19:15:00+00:00,116.58999633789062,116.6698989868164,116.5344009399414,116.5999984741211,134647
2025-06-06 19:20:00+00:00,116.4800033569336,116.5905990600586,116.37999725341797,116.5905990600586,239628
2025-06-06 19:25:00+00:00,116.44999694824219,116.62000274658203,116.43000030517578,116.47000122070312,209077
2025-06-06 19:30:00+00:00,116.3949966430664,116.47000122070312,116.29499816894531,116.43000030517578,251486
2025-06-06 19:35:00+00:00,116.36000061035156,116.44930267333984,116.27999877929688,116.4000015258789,193554
2025-06-06 19:40:00+00:00,116.37010192871094,116.3949966430664,116.23500061035156,116.36000061035156,264724
2025-06-06 19:45:00+00:00,116.29000091552734,116.47989654541016,116.19999694824219,116.37010192871094,373898
2025-06-06 19:50:00+00:00,116.41000366210938,116.5,116.27999877929688,116.30000305175781,899308
2025-06-06 19:55:00+00:00,116.16000366210938,116.4800033569336,116.13500213623047,116.4000015258789,1268053
2025-06-09 13:30:00+00:00,121.05000305175781,121.56999969482422,119.05000305175781,119.06780242919922,5474458
2025-06-09 13:35:00+00:00,119.59269714355469,121.27999877929688,119.56009674072266,121.05000305175781,2037125
2025-06-09 13:40:00+00:00,119.41000366210938,119.79640197753906,119.11000061035156,119.5999984741211,1328906
2025-06-09 13:45:00+00:00,119.76499938964844,120.19999694824219,119.41000366210938,119.41500091552734,1281130
2025-06-09 13:50:00+00:00,120.54019927978516,120.6500015258789,119.6802978515625,119.77999877929688,1005612
2025-06-09 13:55:00+00:00,120.52999877929688,120.83979797363281,120.1500015258789,120.55999755859375,969931
2025-06-09 14:00:00+00:00,120.8499984741211,121.34629821777344,120.54000091552734,120.54000091552734,1300424
2025-06-09 14:05:00+00:00,120.88999938964844,121.16999816894531,120.62000274658203,120.84500122070312,806244
2025-06-09 14:10:00+00:00,121.06999969482422,121.0999984741211,120.72029876708984,120.87999725341797,697103
2025-06-09 14:15:00+00:00,121.16999816894531,121.4800033569336,121.01260375976562,121.08999633789062,883327
2025-06-09 14:20:00+00:00,121.43000030517578,121.47979736328125,121.11000061035156,121.17980194091797,641555
2025-06-09 14:25:00+00:00,121.70999908447266,121.77999877929688,121.19999694824219,121.43000030517578,1377572
2025-06-09 14:30:00+00:00,121.927001953125,122.36640167236328,121.66999816894531,121.70999908447266,1967971
2025-06-09 14:35:00+00:00,121.88999938964844,122.08000183105469,121.76000213623047,121.94000244140625,693824
2025-06-09 14:40:00+00:00,121.54000091552734,121.98999786376953,121.43000030517578,121.88500213623047,767005
2025-06-09 14:45:00+00:00,121.17980194091797,121.55999755859375,121.06999969482422,121.54000091552734,732200
2025-06-09 14:50:00+00:00,120.91500091552734,121.30999755859375,120.86260223388672,121.16999816894531,648979
2025-06-09 14:55:00+00:00,120.68000030517578,120.9385986328125,120.5199966430664,120.91500091552734,662523
2025-06-09 15:00:00+00:00,120.86000061035156,120.93000030517578,120.62000274658203,120.7396011352539,534816
2025-06-09 15:05:00+00:00,120.95870208740234,121.08000183105469,120.73999786376953,120.86000061035156,572213
2025-06-09 15:10:00+00:00,120.79499816894531,120.9739990234375,120.5199966430664,120.9739990234375,802424
2025-06-09 15:15:00+00:00,120.44000244140625,120.79499816894531,120.33999633789062,120.79499816894531,841344
2025-06-09 15:20:00+00:00,120.30000305175781,120.48639678955078,120.18109893798828,120.44000244140625,434405
2025-06-09 15:25:00+00:00,120.09500122070312,120.31999969482422,119.86000061035156,120.30000305175781,659976
2025-06-09 15:30:00+00:00,119.9124984741211,120.33000183105469,119.9124984741211,120.0999984741211,401361
2025-06-09 15:35:00+00:00,119.83999633789062,120.0,119.76000213623047,119.91500091552734,469534
2025-06-09 15:40:00+00:00,119.72010040283203,119.91000366210938,119.6500015258789,119.83999633789062,387635
2025-06-09 15:45:00+00:00,119.88150024414062,120.0199966430664,119.66000366210938,119.75,450221
2025-06-09 15:50:00+00:00,119.80000305175781,120.08000183105469,119.7699966430664,119.88500213623047,343648
2025-06-09 15:55:00+00:00,119.83999633789062,119.94999694824219,119.72000122070312,119.80999755859375,303596
2025-06-09 16:00:00+00:00,119.84500122070312,120.01000213623047,119.68499755859375,119.88999938964844,310507
2025-06-09 16:05:00+00:00,119.66000366210938,119.94999694824219,119.55000305175781,119.83999633789062,337166
2025-06-09 16:10:00+00:00,119.4800033569336,119.7249984741211,119.34700012207031,119.66000366210938,418050
2025-06-09 16:15:00+00:00,119.44000244140625,119.5199966430664,119.33999633789062,119.45999908447266,278909
2025-06-09 16:20:00+00:00,119.70099639892578,119.71900177001953,119.39299774169922,119.44000244140625,323437
2025-06-09 16:25:00+00:00,119.5999984741211,119.69100189208984,119.5199966430664,119.69000244140625,236043
2025-06-09 16:30:00+00:00,119.66000366210938,119.68000030517578,119.4000015258789,119.5999984741211,248651
2025-06-09 16:35:00+00:00,119.7300033569336,119.74839782714844,119.58000183105469,119.66000366210938,214791
2025-06-09 16:40:00+00:00,119.68000030517578,119.75,119.52999877929688,119.73519897460938,253393
2025-06-09 16:45:00+00:00,119.78990173339844,119.80999755859375,119.625,119.67500305175781,207230
2025-06-09 16:50:00+00:00,119.99500274658203,120.16549682617188,119.80000305175781,119.80000305175781,386880
2025-06-09 16:55:00+00:00,120.17990112304688,120.20999908447266,119.93000030517578,119.99500274658203,302968
2025-06-09 17:00:00+00:00,120.0999984741211,120.26000213623047,120.08000183105469,120.18000030517578,271934
2025-06-09 17:05:00+00:00,120.18000030517578,120.19000244140625,120.0,120.1011962890625,158057
2025-06-09 17:10:00+00:00,120.18000030517578,120.2406005859375,120.06999969482422,120.18930053710938,203299
2025-06-09 17:15:00+00:00,120.20999908447266,120.34100341796875,120.16000366210938,120.18000030517578,365306
2025-06-09 17:20:00+00:00,120.29720306396484,120.29720306396484,120.09459686279297,120.2300033569336,212011
2025-06-09 17:25:00+00:00,120.22000122070312,120.69000244140625,120.19999694824219,120.30000305175781,432700
2025-06-09 17:30:00+00:00,120.23999786376953,120.36219787597656,120.20500183105469,120.21499633789062,143736
2025-06-09 17:35:00+00:00,120.45539855957031,120.45999908447266,120.23999786376953,120.23999786376953,581561
2025-06-09 17:40:00+00:00,120.4197998046875,120.47000122070312,120.3499984741211,120.44999694824219,145811
2025-06-09 17:45:00+00:00,120.5999984741211,120.68000030517578,120.36000061035156,120.41110229492188,274066
2025-06-09 17:50:00+00:00,120.70999908447266,120.83999633789062,120.48429870605469,120.61000061035156,407179
2025-06-09 17:55:00+00:00,120.81500244140625,120.87999725341797,120.58999633789062,120.71499633789062,314536
2025-06-09 18:00:00+00:00,120.80999755859375,120.95999908447266,120.7699966430664,120.80000305175781,265920
2025-06-09 18:05:00+00:00,121.06999969482422,121.06999969482422,120.76000213623047,120.7791976928711,397429
2025-06-09 18:10:00+00:00,121.19999694824219,121.22000122070312,121.0199966430664,121.0780029296875,359635
2025-06-09 18:15:00+00:00,121.13999938964844,121.33000183105469,121.01000213623047,121.20500183105469,425835
2025-06-09 18:20:00+00:00,121.41000366210938,121.41999816894531,121.13999938964844,121.13999938964844,321006
2025-06-09 18:25:00+00:00,121.38500213623047,121.58679962158203,121.33999633789062,121.41000366210938,481821
2025-06-09 18:30:00+00:00,121.33000183105469,121.41000366210938,121.23999786376953,121.37999725341797,349217
2025-06-09 18:35:00+00:00,121.55000305175781,121.62480163574219,121.33000183105469,121.33000183105469,539188
2025-06-09 18:40:00+00:00,121.31999969482422,121.55069732666016,121.20999908447266,121.55000305175781,404957
2025-06-09 18:45:00+00:00,121.4000015258789,121.48999786376953,121.3102035522461,121.33000183105469,265257
2025-06-09 18:50:00+00:00,121.63999938964844,121.6498031616211,121.30500030517578,121.4000015258789,330748
2025-06-09 18:55:00+00:00,121.5,121.80000305175781,121.5,121.62999725341797,453985
2025-06-09 19:00:00+00:00,121.62000274658203,121.75,121.45999908447266,121.49500274658203,334994
2025-06-09 19:05:00+00:00,121.6500015258789,121.80000305175781,121.58999633789062,121.62000274658203,317270
2025-06-09 19:10:00+00:00,121.7300033569336,121.81999969482422,121.54499816894531,121.63999938964844,438222
2025-06-09 19:15:00+00:00,121.875,121.87999725341797,121.63500213623047,121.7300033569336,659125
2025-06-09 19:20:00+00:00,121.66000366210938,121.83999633789062,121.60900115966797,121.69999694824219,438262
2025-06-09 19:25:00+00:00,121.94000244140625,121.97000122070312,121.66999816894531,121.66999816894531,564160
2025-06-09 19:30:00+00:00,122.0,122.18000030517578,121.89179992675781,121.93499755859375,1020394
2025-06-09 19:35:00+00:00,121.64530181884766,122.20500183105469,121.61009979248047,121.99500274658203,694073
2025-06-09 19:40:00+00:00,121.5250015258789,121.89869689941406,121.45999908447266,121.6449966430664,1080236
2025-06-09 19:45:00+00:00,121.48999786376953,121.55999755859375,121.30500030517578,121.52999877929688,819400
2025-06-09 19:50:00+00:00,121.81999969482422,122.00830078125,121.5,121.51000213623047,1424748
2025-06-09 19:55:00+00:00,121.69000244140625,121.91999816894531,121.625,121.80999755859375,2248099
2025-06-10 13:30:00+00:00,121.30999755859375,122.339599609375,120.86000061035156,121.1050033569336,2616102
2025-06-10 13:35:00+00:00,122.21499633789062,122.21649932861328,120.80500030517578,121.29000091552734,990829
2025-06-10 13:40:00+00:00,122.2300033569336,122.55000305175781,121.83000183105469,122.21499633789062,1205694
2025-06-10 13:45:00+00:00,122.77999877929688,122.83000183105469,121.83999633789062,122.2300033569336,829702
2025-06-10 13:50:00+00:00,122.84089660644531,123.12000274658203,122.4000015258789,122.76000213623047,1675370
2025-06-10 13:55:00+00:00,122.19999694824219,122.88500213623047,122.12000274658203,122.8499984741211,956347
2025-06-10 14:00:00+00:00,122.65499877929688,122.73999786376953,122.0,122.19999694824219,765228
2025-06-10 14:05:00+00:00,122.61910247802734,122.83799743652344,122.55000305175781,122.66999816894531,590971
2025-06-10 14:10:00+00:00,123.08000183105469,123.29000091552734,122.5999984741211,122.61000061035156,811119
2025-06-10 14:15:00+00:00,122.80999755859375,123.30000305175781,122.70999908447266,122.81999969482422,690711
2025-06-10 14:20:00+00:00,123.0250015258789,123.13500213623047,122.77989959716797,122.80670166015625,473781
2025-06-10 14:25:00+00:00,123.32230377197266,123.43000030517578,122.91000366210938,123.01000213623047,599929
2025-06-10 14:30:00+00:00,123.18270111083984,123.3499984741211,123.04000091552734,123.3292007446289,461408
2025-06-10 14:35:00+00:00,123.00499725341797,123.41020202636719,122.94999694824219,123.19499969482422,475775
2025-06-10 14:40:00+00:00,122.8499984741211,123.04000091552734,122.61000061035156,123.01000213623047,529026
2025-06-10 14:45:00+00:00,123.0,123.11000061035156,122.75499725341797,122.8499984741211,361768
2025-06-10 14:50:00+00:00,122.41999816894531,123.01000213623047,122.37999725341797,123.00260162353516,344177
2025-06-10 14:55:00+00:00,122.19999694824219,122.52999877929688,122.19999694824219,122.427001953125,384864
2025-06-10 15:00:00+00:00,122.47000122070312,122.5199966430664,122.19110107421875,122.20500183105469,309408
2025-06-10 15:05:00+00:00,122.55000305175781,122.6050033569336,122.43499755859375,122.56999969482422,271278
2025-06-10 15:10:00+00:00,122.41079711914062,122.44499969482422,122.4000015258789,122.44499969482422,246174
2025-06-10 15:15:00+00:00,122.01399993896484,122.08999633789062,121.88999938964844,121.96299743652344,656119
2025-06-10 15:20:00+00:00,122.12010192871094,122.18000030517578,121.93000030517578,122.01000213623047,293264
2025-06-10 15:25:00+00:00,121.88999938964844,122.13300323486328,121.76000213623047,122.12000274658203,381883
2025-06-10 15:30:00+00:00,121.2958984375,122.05999755859375,121.14869689941406,121.87999725341797,726052
2025-06-10 15:35:00+00:00,121.63999938964844,121.80999755859375,121.44999694824219,121.44999694824219,418633
2025-06-10 15:40:00+00:00,121.9000015258789,121.91999816894531,121.48999786376953,121.62999725341797,429727
2025-06-10 15:45:00+00:00,122.0198974609375,122.11000061035156,121.78240203857422,121.88999938964844,318489
2025-06-10 15:50:00+00:00,122.18000030517578,122.27999877929688,122.06999969482422,122.12000274658203,401697
2025-06-10 15:55:00+00:00,122.6500015258789,122.69999694824219,122.1500015258789,122.19999694824219,454141
2025-06-10 16:00:00+00:00,122.98999786376953,123.06999969482422,122.62999725341797,122.62999725341797,905998
2025-06-10 16:05:00+00:00,122.95999908447266,123.08000183105469,122.79650115966797,122.98999786376953,361339
2025-06-10 16:10:00+00:00,123.05030059814453,123.26000213623047,122.87039947509766,122.95999908447266,474579
2025-06-10 16:15:00+00:00,122.89029693603516,123.08000183105469,122.87999725341797,123.01000213623047,287162
2025-06-10 16:20:00+00:00,123.09500122070312,123.13999938964844,122.87000274658203,122.9000015258789,283643
2025-06-10 16:25:00+00:00,123.58940124511719,123.62989807128906,123.02999877929688,123.08999633789062,542954
2025-06-10 16:30:00+00:00,123.6500015258789,123.8499984741211,123.45500183105469,123.58000183105469,870500
2025-06-10 16:35:00+00:00,123.46749877929688,123.63999938964844,123.38289642333984,123.62000274658203,365233
2025-06-10 16:40:00+00:00,123.29000091552734,123.45999908447266,123.26000213623047,123.45500183105469,287869
2025-06-10 16:45:00+00:00,123.37010192871094,123.46990203857422,123.22000122070312,123.30000305175781,184356
2025-06-10 16:50:00+00:00,123.63999938964844,123.69000244140625,123.44999694824219,123.51499938964844,377733
2025-06-10 16:55:00+00:00,123.5,123.66000366210938,123.4020004272461,123.63500213623047,351906
2025-06-10 17:00:00+00:00,123.58070373535156,123.62999725341797,123.38999938964844,123.5199966430664,198362
2025-06-10 17:05:00+00:00,123.61000061035156,123.74720001220703,123.56500244140625,123.56500244140625,199162
2025-06-10 17:10:00+00:00,123.83000183105469,123.91000366210938,123.58000183105469,123.62000274658203,330779
2025-06-10 17:15:00+00:00,123.55030059814453,123.8550033569336,123.44000244140625,123.8322982788086,415921
2025-06-10 17:20:00+00:00,123.58999633789062,123.7771987915039,123.52999877929688,123.56999969482422,275895
2025-06-10 17:25:00+00:00,123.33000183105469,123.61000061035156,123.30000305175781,123.61000061035156,284248
2025-06-10 17:30:00+00:00,123.18000030517578,123.4000015258789,123.12000274658203,123.33000183105469,321322
2025-06-10 17:35:00+00:00,122.91999816894531,123.29000091552734,122.91999816894531,123.19999694824219,328418
2025-06-10 17:40:00+00:00,123.12000274658203,123.12930297851562,122.75,122.91999816894531,262699
2025-06-10 17:45:00+00:00,123.02999877929688,123.25,122.9800033569336,123.13999938964844,333320
2025-06-10 17:50:00+00:00,122.8552017211914,123.1050033569336,122.72000122070312,123.02999877929688,337995
2025-06-10 17:55:00+00:00,122.67009735107422,122.88500213623047,122.6448974609375,122.86090087890625,211017
2025-06-10 18:00:00+00:00,122.4800033569336,122.68000030517578,122.29000091552734,122.68000030517578,471226
2025-06-10 18:05:00+00:00,122.625,122.66000366210938,122.41000366210938,122.4385986328125,364355
2025-06-10 18:10:00+00:00,122.48999786376953,122.62000274658203,122.33000183105469,122.62000274658203,212921
2025-06-10 18:15:00+00:00,122.90499877929688,123.03990173339844,122.48999786376953,122.48999786376953,489871
2025-06-10 18:20:00+00:00,122.70999908447266,122.93000030517578,122.55999755859375,122.91000366210938,252040
2025-06-10 18:25:00+00:00,122.82499694824219,122.84649658203125,122.63999938964844,122.68000030517578,185327
2025-06-10 18:30:00+00:00,122.94499969482422,123.05000305175781,122.80999755859375,122.82869720458984,407275
2025-06-10 18:35:00+00:00,123.05000305175781,123.072998046875,122.94000244140625,122.94499969482422,217341
2025-06-10 18:40:00+00:00,123.0250015258789,123.09500122070312,122.97139739990234,123.04139709472656,155324
2025-06-10 18:45:00+00:00,123.19499969482422,123.2300033569336,122.95069885253906,123.0250015258789,240091
2025-06-10 18:50:00+00:00,123.30000305175781,123.33979797363281,123.1614990234375,123.19000244140625,274915
2025-06-10 18:55:00+00:00,123.70999908447266,123.73999786376953,123.29499816894531,123.30000305175781,575875
2025-06-10 19:00:00+00:00,123.79000091552734,124.08999633789062,123.6603012084961,123.69999694824219,958836
2025-06-10 19:05:00+00:00,123.78880310058594,123.93000030517578,123.72000122070312,123.79000091552734,334520
2025-06-10 19:10:00+00:00,123.75070190429688,123.87000274658203,123.72000122070312,123.7699966430664,259041
2025-06-10 19:15:00+00:00,123.55239868164062,123.76000213623047,123.46499633789062,123.75,381908
2025-06-10 19:20:00+00:00,123.54000091552734,123.61499786376953,123.44999694824219,123.55000305175781,194713
2025-06-10 19:25:00+00:00,123.33000183105469,123.62999725341797,123.33000183105469,123.54000091552734,426040
2025-06-10 19:30:00+00:00,123.22329711914062,123.33000183105469,123.05999755859375,123.31999969482422,379186
2025-06-10 19:35:00+00:00,122.95999908447266,123.18000030517578,122.87000274658203,123.1500015258789,370101
2025-06-10 19:40:00+00:00,122.91999816894531,122.99500274658203,122.77999877929688,122.97000122070312,463903
2025-06-10 19:45:00+00:00,122.939697265625,123.01000213623047,122.78009796142578,122.91999816894531,403376
2025-06-10 19:50:00+00:00,122.95259857177734,123.20999908447266,122.69499969482422,122.93499755859375,677924
2025-06-10 19:55:00+00:00,123.25,123.27999877929688,122.94999694824219,122.97000122070312,1394503
